username,total_posts,subreddit_count,first_post_date,last_post_date,subreddits
New-Investigator-269,1,1,2025-12-10,2025-12-10,ethz:1
Infamous_Ordinary_66,3,1,2025-09-11,2025-12-20,ethz:3
Aniket_Mhaskar477,6,4,2025-02-20,2025-12-12,"ethz:2, zurich:1, Barcelona:1, Madrid:2"
Character-Sock-4886,1,1,2025-12-12,2025-12-12,ethz:1
Negative-Bathroom-33,3,2,2025-08-17,2025-12-22,"ethz:2, PcBuild:1"
IBOandersonchen,18,12,2025-03-19,2025-12-04,"ethz:1, EPFL:1, ChemicalEngineering:2, nus:2, NTU:2, SoftwareEngineering:1, statistics:1, cursor:1, ArtificialInteligence:1, Commodities:3, FinancialCareers:2, options:1"
ConsequenceOk3058,8,4,2024-11-26,2025-12-08,"ethz:5, inthenews:1, DunderMifflin:1, vodka:1"
Haunting-Stretch8069,100,71,2025-04-28,2025-12-30,"Erasmus:1, UCD:1, TCD:1, Dublin:1, dublincityuniversity:1, TUDublin:1, AskProfessors:3, biology:3, University:2, research:2, askscience:3, academia:1, ChatGPTAtlas:1, college:4, GradSchool:3, gradadmissions:2, CryptoCurrency:3, ledgerwallet:1, CoinBase:1, Futurology:1, transhumanism:1, cryonics:1, ethz:1, school:1, Advice:1, ask:1, PhD:2, EngineeringStudents:1, GetStudying:2, studytips:2, Professors:2, webdev:1, SEO:1, MacOS:2, github:1, ChatGPTPromptGenius:2, ChatGPTPro:1, OpenAI:1, ChatGPTCoding:1, ChatGPT:1, resumes:4, jobs:1, claude:1, ClaudeCode:1, Anthropic:1, Aging:1, AskAcademia:1, Survival:1, YoutubeMusic:1, lego:1, robotics:1, dyson:1, earwax:1, TUDelft:1, youtube:1, Hairloss:1, MagSafe:1, NoFap:1, Bard:1, typing:1, ClaudeAI:1, Handwriting:3, lefthanded:1, LocalLLaMA:1, NoteTaking:1, notebooks:1, sleep:2, productivity:1, iphone:1, notebooklm:2, ambidextrous:1"
Content_Regret_5405,32,17,2025-03-11,2025-12-26,"DTU:3, ucph:2, EPFL:1, ethz:5, kth:2, gradadmissions:3, ApplyingToCollege:1, relationships:1, relationship_advice:4, MSCS:1, cscareerquestionsEU:1, matlab:1, GRE:2, iitkgp:1, iiit:1, MachineLearning:2, u_Content_Regret_5405:1"
throawaycollege,34,14,2024-04-27,2025-12-13,"Imperial:1, ethz:1, EPFL:2, college:2, RoleReversal:4, AskMen:1, MommydomPersonals:9, BDSMpersonals:2, u_throawaycollege:1, RoleReversedPersonals:4, femdompersonals:2, Morocco:3, math:1, learnmath:1"
OkRecommendation9795,1,1,2025-12-14,2025-12-14,ethz:1
LNM_eth,7,1,2025-12-04,2025-12-11,ethz:7
Real-Setting-8638,1,1,2025-12-18,2025-12-18,ethz:1
Competitive_Yam_977,15,10,2025-06-03,2025-12-18,"wallstreetbetsGER:1, Steuerberater:1, Steuern:1, selbststaendig:1, Finanzen:3, fujifilm:2, ethz:3, FragNeFrau:1, HongKong:1, Studium:1"
Ok-Narwhal1216,1,1,2025-12-12,2025-12-12,ethz:1
Mediocre-Animal-4526,2,2,2025-01-26,2025-12-07,"ethz:1, AskMenAdvice:1"
Taikutsu4567,17,9,2024-03-11,2025-12-28,"tifu:1, ethz:3, Amsterdam:1, BreakUps:1, learnmachinelearning:1, cscareerquestionsEU:4, quantfinance:3, QuantumComputing:1, quant:2"
MarzipanNo9781,4,2,2025-09-24,2025-12-14,"ethz:1, schwiiz:3"
Qu3st10nmark,10,4,2024-04-22,2025-12-30,"ethz:5, zurich:1, careerguidance:3, Studium:1"
Playful_Beat_808,4,2,2025-03-07,2025-12-05,"ethz:3, zurich:1"
rockfreakfever,2,2,2025-07-29,2025-12-23,"ethz:1, laptops:1"
Appropriate-Part9163,8,6,2025-05-14,2025-12-20,"ethz:1, CERN:1, bulgaria:2, cscareerquestionsEU:2, cscareerquestions:1, eupersonalfinance:1"
phasor-angle,23,9,2024-11-12,2025-12-21,"ethz:1, BITSPilani:3, partialdropperforjee:1, Btechtards:5, Manipal_Academics:4, Bitsatards:3, JEENEETards:4, delhi:1, JEEAdv25dailyupdates:1"
trbf0,3,3,2025-12-16,2025-12-20,"mathematics:1, math:1, ethz:1"
RaresDerBares,7,3,2024-01-25,2025-12-14,"ethz:5, Pixelary:1, ElectricalEngineering:1"
spo3ge,1,1,2025-12-19,2025-12-19,ethz:1
PresentZucchini4848,6,2,2025-11-11,2025-12-17,"PortugalExpats:5, ethz:1"
Simonjhfgh,39,14,2024-01-14,2025-12-16,"AskFrance:4, ethz:15, MacOS:1, macbookair:2, OrganicChemistry:1, calculus:1, ObsidianMD:2, pinkfloyd:3, u_Simonjhfgh:1, AnkiPro:1, porcupinetree:1, progrockmusic:3, PhysicsStudents:3, Physics:1"
East-Finding5703,2,2,2025-12-08,2025-12-18,"InstitutPolytechnique:1, ethz:1"
GrouchyAd4244,7,5,2024-02-16,2025-12-29,"ethz:2, AskBarcelona:2, gay:1, UniversityofTwente:1, utwente:1"
red_eyed_devil,44,21,2024-01-21,2025-12-25,"chemhelp:1, chemistry:2, ethz:10, schwiiz:2, Biochemistry:1, OrganicChemistry:7, unitedkingdom:1, Switzerland:4, bioinformatics:1, DestructiveReaders:2, biology:1, German:1, askmath:1, mathematics:1, IsAttenboroughAlive:1, zurich:2, UCSantaBarbara:1, UZH:1, PhD:1, AmItheAsshole:1, Britain:2"
Double-Selection-365,1,1,2025-12-06,2025-12-06,ethz:1
New-Juggernaut4693,32,22,2025-03-16,2025-12-15,"computerarchitecture:1, ethz:1, college:1, careerguidance:1, InternationalStudents:1, ElectricalEngineering:2, GradSchool:1, gradadmissions:2, perplexity_ai:1, pune:2, IndianGaming:1, mutualfunds:1, IndianStockMarket:1, esp32:3, CrackSupport:1, Verilog:2, cscareerquestions:1, FPGA:2, RISCV:4, PrintedCircuitBoard:1, PCB:1, electronics:1"
Strong-Natural-3401,29,20,2024-02-10,2025-12-22,"ethz:2, German:2, depression:2, LinkinPark:1, SkincareAddiction:4, Perfumes:2, namenerds:1, samsunggalaxy:1, eyes:1, MbtiTypeMe:1, Oxygennotincluded:1, StardewValley:1, CharacterAI:1, medical_advice:2, wallets:1, CERN:1, IBO:2, Notion:1, ToeflAdvice:1, chessmemes:1"
dark_matter22,8,4,2024-01-15,2025-12-15,"ethz:2, learnmachinelearning:3, photocritique:1, hingeapp:2"
Swisscom8940,45,15,2024-03-18,2025-12-09,"ethz:4, suisse:13, ElectricalEngineering:1, Lausanne:1, askswitzerland:10, Svizzera:1, schwiiz:5, SchweizSuisseSvizzera:1, Ticino:2, SwissPersonalFinance:1, EPFL:2, bern:1, Lasiksupport:1, AskHistorians:1, AskHistory:1"
Due-Cabinet9016,19,10,2025-01-03,2025-12-12,"ethz:2, Switzerland:3, askswitzerland:7, cycling:1, mathematics:1, math:1, learnmath:1, bikewrench:1, zurich:1, careerguidance:1"
Particular-Engine213,3,2,2024-10-08,2025-12-23,"ethz:1, nus:2"
Redditedito,3,2,2025-08-03,2025-12-16,"bikewrench:2, ethz:1"
Minute_Mention5614,70,30,2024-11-29,2025-12-27,"Germanlearning:1, ethz:2, askswitzerland:2, berlinsocialclub:1, askberliners:1, freiburg:1, zurich:1, studying_in_germany:1, germany:1, IELTS:1, NYUAbuDhabi:5, LUMS:17, notredame:2, wluLex:1, IBA:1, chanceme:8, ufl:1, Babson:1, sixthform:2, UniUK:2, UKUniversityStudents:2, Sat:8, IntltoUSA:1, visas:1, studyAbroad:1, ApplyingToCollege:1, scholarships:1, ACT:1, u_Minute_Mention5614:1, GetStudying:1"
internaut401,13,9,2024-02-10,2025-12-15,"ethz:1, JapanTravel:1, LinkedInCringeIT:1, HKUniversity:2, IELTS:1, HKUST:1, AskAcademia:2, mechmarket:3, MechanicalKeyboards:1"
AwkwardFunction1923,2,1,2025-12-16,2025-12-16,ethz:2
Low-Relationship6865,54,17,2024-07-20,2025-12-07,"ethz:3, Bass:3, tumunich:3, AskGirls:5, dating_advice:1, dating:1, socialskills:1, AskWomen:1, RDTTR:1, Opeth:18, Topster:1, BackToTheBeginning:1, Primus:1, MyHeritage:1, Dreamtheater:11, symphonyx:1, Rammstein:1"
comp-programmer,1,1,2025-12-08,2025-12-08,ethz:1
Royal_Assist_6127,3,2,2025-12-28,2025-12-28,"neuroscience:1, ethz:2"
KilometresDavis12,8,3,2024-03-11,2025-12-08,"ethz:4, naturalbodybuilding:3, Fitness:1"
Psylphrena,5,3,2024-10-29,2025-12-28,"ethz:3, stevenspass:1, brandonsanderson:1"
RossYT,8,3,2024-06-28,2025-12-11,"ethz:4, Seiko:2, PrideAndPinion:2"
Busy_Match2247,1,1,2025-12-09,2025-12-09,ethz:1
Crazy-Engineer-8968,1,1,2025-12-10,2025-12-10,ethz:1
